company,category,keyword,sentence
ATOSS,strategic,ai could,"A study by the so that neither quality nor working time limits are com­ German Economic Institute estimates that AI could generate promised.” Seconds later, staff are reassigned across up to €440 billion in additional value creation for Germany units."
ATOSS,strategic,artificial intelligence,"Data-driven planATOSS, about why companies must fundamentally rethink ning, better forecasting and greater flexibility—including workforce management—and how artificial intelligence activat ing untapped labor potential—can raise output withis becoming a central lever for significant, measurable out extending working hours."
ATOSS,strategic,artificial intelligence,It is the layer Artificial intelligence represents the next structural evolution.
ATOSS,strategic,pilot phase,We had virtually no pilot phase because we great amount of work.
ATOSS,strategic,artificial intelligence,"At the same time, new technologies—particu- AI-supported solutions, both implementation and ongoing larly the rapid evolution of artificial intelligence— are opening adaptation to changing conditions have become signifientirely new possibilities to create real value for compa- cantly faster—resulting in substantially more accurate worknies, employees, and society in this dynamically changing force forecasts."
ATOSS,strategic,artificial intelligence,"We were also ranked fourth among Germany’s are further opportunities arising from the enhanced use most innovative mid-sized companies by WirtschaftsWoche, of artificial intelligence."
ATOSS,strategic,digital transformation,The operational frontline ed their skill sets and now cover new responsibilities that did workforce is often overlooked in digital transformation— not even exist a few years ago.
ATOSS,strategic,artificial intelligence,I am convinced that artificial intelligence will become massively more important in the years ahead.
ATOSS,strategic,ai-first,"ATOSS How do you envision the ATOSS products evolving is positioning itself at the center of this development by into a coherent AI-first workforce management build ing a platform where AI, domain expertise, and human platform that feels seamless for planners, judg ment are combined to enable sustainable productivity managers, and employees across all touchpoints?"
ATOSS,strategic,ai-first,"We see our portfolio converging into a single AI-first platform that feels coherent regardless of where you enter it—whether Building on that, if we fast forward to 2030, how do you as a planner, a store manager, or an employee on a mobile see AI­driven systems of intelligence really shaping the device."
ATOSS,strategic,digital transformation,Workforce management as a strategic tool in the digital transformation Companies are increasingly finding themselves facing uncertain economic and political forecasts as well as sharply fluctuating customer requirements.
ATOSS,strategic,artificial intelligence,"In addition, new technologies – particularly the rapid growth of Artificial Intelligence (AI) – are opening up completely new opportunities for creating genuine value added for companies, employees and society in this dynamic transformation."
ATOSS,strategic,artificial intelligence,"For example, through the use of Artificial Intelligence (AI) to further boost the efficiency, productivity and user-friendliness of our digital solutions."
ATOSS,strategic,ai strategy,"Following on from intensive dialogs with industry experts, our AI strategy in the reporting year focused on converting its existing forecasting services to AI-supported solutions and the launch of Workforce Intelligence."
ATOSS,strategic,ai roadmap,"As part of the next step, this will be followed by the introduction of numerous AI agents for all ATOSS solutions from Enterprise to Micro Businesses by 2028, in line with our AI roadmap."
ATOSS,strategic,artificial intelligence,"Support came from strong corporate profits, particularly in the technology sector, as well as the advancing use of Artificial Intelligence (AI) as a structural driver of growth."
ATOSS,strategic,ai roadmap,"The Group mitigates these risks by accelerating and fully implementing its AI roadmap, strengthening its development capabilities, maintaining rigorous innovation and benchmarking processes, and implementing measures to ensure cost and quality control."
ATOSS,operational,ai tool,This AI tool pulls in employees with the appropriate by 2034.
ATOSS,operational,ai-powered,"But the problem runs much deeper: high levels of regulation, AI-powered workforce management is therefore one of the sluggish digitalization, and demographic change are further most effective levers to close productivity gaps."
ATOSS,operational,ai-powered,"In such a stress test, input is unrealistic, implying limited growth under current a company that can rely on an AI-powered workforce 7 management solution providing reliable analyses and visu- Are many companies in Europe alizing unused efficiency potentials is in a position to carry still relying on such systems?"
ATOSS,operational,ai-powered,ply not taking advantage of the enormous productivity gains made possible by AI-powered workforce management.
ATOSS,operational,ai-based,"Intelligent, AI-based workforce management cannot elimi- This is somewhat paradoxical if you consider the potential nate uncertainty, but it enables companies to manage it for greater protection against cyber crime offered by cloud strategically by anticipating staffing requirements, running solutions."
ATOSS,operational,ai-driven,"AI-driven workforce management creates a shared, relia- Do we need to radically rethink workforce management?"
ATOSS,operational,ai-powered,"Modern, AI-powered attendan ce tracking and analyzing productivity data, it workforce management is no longer an isolated system, was able to reduce the number of external temporary but a central component of a people operating system— workers by around 1,000 without any loss of productivity."
ATOSS,operational,ai-powered,By leveraging AI-powered static environments.
ATOSS,operational,ai-based,Precisely—through AI-based scenario analysis and predictive risk management.
ATOSS,operational,ai-powered,"AI-powered workforce understanding with a strategic perspective on technology, management is one of the fastest and most effective levers trans formation, and what's on the agenda of top decision- for simultaneously increasing productivity, strengthening makers."
ATOSS,operational,ai-powered,"AI-powered workforce management plays a key role here because it operates exactly where value is created—in planning and managing the organization’s most important resource, its people."
ATOSS,operational,our ai,"our AI-powered Workforce Intelligence solutions, we make a Our cloud solutions already include a wide range of intemeasurable, scalable contribution directly aligned with our grated AI services, and over the next 12 to 24 months, we will customers’ value creation."
ATOSS,operational,ai-driven,"For managers, leaders will be able to rely on an AI-driven platform that it means clear recommendations instead of raw data."
ATOSS,operational,ai-based,Take our Personnel Requirements Forecast as an example: Many operational decisions will be handled autonomously We developed this AI-based staffing demand forecasting by specialized AI agents in the future.
ATOSS,operational,ai-driven,"At the same time, margins are inter national scalability, or AI-driven scenarios."
ATOSS,operational,ai-enabled,"With every their shifts independently within clearly defined operational additional AI-enabled function, it is not only the operational guardrails."
ATOSS,operational,ai-enabled,"Every market model must be ope- as synonymous with this intelligent, AI-enabled form of operationally robust and financially sound."
ATOSS,operational,our ai,"At the same time, they form the basis for expanding our AI‑based services for Demand‑Driver Forecasting (multivariate models for predicting workload and staffing based on key workforce demand drivers), Absence-Rate Forecasting (AI-based predictions of absences due to sickness and vacation), and Workforce Intelligence (AI-based analytical insights into turnover, overtime, and absences)."
ATOSS,operational,ai-powered,e) Competitive risks arising from the AI boom Market demand for AI-powered features is rising among software users.
ATOSS,operational,ai implementation,"Delays in the company’s own AI implementation carry the risk of technological setbacks, customer attrition, and reduced pricing power."
ATOSS,operational,ai-driven,"Opportunities report The Management Board sees the main opportunities in the following descending order in terms of their significance: We perceive opportunities to further expand our business model, in particular, in the trend towards the full digitization of HR processes including AI-driven services, in the general move towards cloud solutions and in the growing demands on companies to make working time more flexible."
ATOSS,operational_context,automated,"The majority of this potential is expected to come qualifications, balances overtime, avoids risky double from productivity gains—for example through automated workloads—and transparently explains why each shift was processes, better forecasting, and data-driven decisionchanged."
ATOSS,operational_context,automated,Decisions can be increasingly based on automated data analytics.
ATOSS,operational_context,automated,What impact has the automated payroll interface had?
ATOSS,operational_context,automated,"Many of these constellations are In 2020, after a comprehensive analysis, HENSOLDT chose now partially automated in ATOSS."
ATOSS,operational_context,automated,"When integrating a new entity short term, task management and employee dash boards with 1,600 employees, this approach led to remarkably few will be expanded—for example, with automated notifisupport requests in the first few weeks."
ATOSS,operational_context,already using,HENSOLDT is already using RPA to automate recurring steps The focus is on time and attendance complemented by task in ATOSS.
ATOSS,operational_context,automated,"Aileen Matysiak Teamlead Workforce Management | Hermes Fulfilment In recent years, the warehouse and returns logistics pro- coordination workload and ensures stable schedules—even vider Hermes Fulfilment has digitalized and automated its during periods of high operational pressure."
Bechtle,strategic,artificial intelligence,"February Strong for the future Bechtle publishes its strategic positioning on artificial intelligence, underpinning its claim to be one of the leading IT service providers actively shaping the future of this key technology in Europe."
Bechtle,strategic,artificial intelligence,"In addition, the IT industry is increasingly feeling the consequences of the technological revolution based on artificial intelligence."
Bechtle,strategic,digital transformation,"With their commitment, sense of responsibility and motivation, they all contribute to successfully guiding our customers through their digital transformation."
Bechtle,strategic,digital transformation,We are excellently prepared to further utilise the opportunities presented by the digital transformation and continue our growth trajectory.
Bechtle,strategic,artificial intelligence,"We have also continuously analysed the risk situation– especially with regard to the macroeconomic situation, the rapid pace of change in the IT market, the opportunities and challenges of the increasing importance of artificial intelligence, as well as risks due to cybercrime– and actively participated in the further development of Bechtle AG’s control and risk management system."
Bechtle,strategic,artificial intelligence,"Ongoing economic and geopolitical uncertainties, but above all the increasing momentum in connection with artificial intelligence, led to this development."
Bechtle,strategic,artificial intelligence,"Stock market Volatility with a positive year-end result The 2025 stock market year was also characterised by a tense economic situation in Germany, and further falls in key interest rates, but also positive momentum because of progress in technological innovations such as artificial intelligence (AI)."
Bechtle,strategic,digital transformation,Business model Everything to do with IT Bechtle is one of the leading IT companies in Europe and offers technology concepts and comprehensive IT solutions for digital transformation from a single source.
Bechtle,strategic,artificial intelligence,"From complete IT workstations, data centres and multi-cloud solutions to IT security and artificial intelligence, we develop future-proof IT architectures."
Bechtle,strategic,artificial intelligence,"For more information, see Sustainability Statement, Value chain Bechtle Annual Report 2025 27 Combined Combined Consolidated To our Management Sustainability Financial Further Shareholders Report Statement Statements Information The service spectrum extends from the sale of hardware and software solutions, IT strategy consulting, IT infrastructure consulting, modern workplace, application solutions, project planning and implementation, system integration, maintenance and training to the provision of multi-cloud and managed services, IT security services and artificial intelligence."
Bechtle,strategic,digital transformation,"Independent of the distribution channel X-as-a-service Driven by the ever-advancing digital transformation, the market for IT solutions and services is in a state of constant change."
Bechtle,strategic,artificial intelligence,"Megatrend Artificial Intelligence (AI) AI is one of the topics of the future, both in the IT sector and generally, so it is likewise a major focus for Bechtle."
Bechtle,strategic,ai will,"In the medium and long term, however, AI will further increase the demand for complex IT solutions and individual advice."
Bechtle,strategic,artificial intelligence,Research and development Customised development services and research into artificial intelligence Bechtle conducts software and application development activities both for internal purposes and for individual customer projects.
Bechtle,strategic,artificial intelligence,"PLANET AI In addition to providing other development services, PLANET AI GmbH focuses on intensive research in the field of artificial intelligence."
Bechtle,strategic,artificial intelligence,"Joint research, close collaboration and the continuous exchange of knowledge and technological advances make a significant contribution towards strengthening the research and development of artificial intelligence."
Bechtle,strategic,digital transformation,We stand for future strength and offer technology concepts and comprehensive IT solutions for digital transformation.
Bechtle,strategic,digital transformation,Bechtle Annual Report 2025 40 Combined Combined Consolidated To our Management Sustainability Financial Further Shareholders Report Statement Statements Information Actively shaping digital transformation Bechtle has been active in the IT market for over 40 years – a business environment characterised by rapid technological progress and constantly increasing demands.
Bechtle,strategic,digital transformation,"Although the traditional model will continue to play a role, the ongoing digital transformation and the growing need for solution-orientated IT consulting are increasing the demand for flexible, subscription-based solutions."
Bechtle,strategic,artificial intelligence,"We are witnessing this once again today, driven in particular by advances in artificial intelligence."
Bechtle,strategic,digital transformation,"The general demand for IT driven by the digital transformation will increase – and with our international presence in 14 European country markets, our broad solution expertise and the diversity of customer groups and sizes, we are very well positioned."
Bechtle,strategic,artificial intelligence,"Most customers also rely on the expertise of an experienced partner for questions relating to the use of artificial intelligence (AI), the implications of which are still not fully foreseeable, and with regard to the possibilities for greater digital sovereignty."
Bechtle,strategic,digital transformation,"This can be seen not least in the new German Federal Ministry for Digital Transformation and Government Modernisation, founded in 2025, which has set itself the goal of making Germany more digital, faster and less bureaucratic."
Bechtle,strategic,artificial intelligence,Digitalisation and the trending topic of artificial intelligence (AI) also offer opportunities for the Bechtle Group.
Bechtle,strategic,digital transformation,"With our portfolio of sustainable technologies, solutions and services, we are actively supporting our customers in the digital transformation and the fulfilment of their corporate digital responsibility."
Bechtle,strategic,artificial intelligence,"There are currently several projects in which artificial intelligence is being used to increase efficiency in internal sales, as well as in the provision and range of services."
Bechtle,strategic,artificial intelligence,Some of our customers also focussed on the fundamentally new possibilities offered by the use of artificial intelligence (AI) in the reporting period.
Bechtle,strategic,artificial intelligence,The use of artificial intelligence also plays an important role here.
Bechtle,strategic,digital transformation,"The qualifications and competences of the Supervisory Board reflect the impacts, risks and opportunities (IROs) areas of digital transformation, supply chains & compliance, environmental impacts and social aspects, among others."
Bechtle,strategic,digital transformation,"Sustainable technologies, solutions We play an active and responsible role in the digital transformation of our and services customers."
Bechtle,strategic,intend to implement,A detailed overview of the current actions with which we intend to implement these goals can be found in theSustainability Programmein the Notes.
Bechtle,strategic,digital transformation,"We support more than 70,000 customers from trade and industry, the public sector and the financial market on their digital transformation journey and offer a comprehensive, cross-vendor portfolio of IT infrastructure and IT operation solutions."
Bechtle,operational,chatbot,"With our subsidiary Planet AI, a commitment to the AI ecosystem IPAI, the company’s own chatbot Bechtle GPT and other services with AI components, the Bechtle Group has already positioned itself well here."
Bechtle,operational,ai platform,At the centre of the research is PLANETBRAIN – an AI platform with patented core technology that forms the basis for the development of Intelligent Document Analysis (IDA).
Bechtle,operational,ai-based,The use of AI-based solutions will also have a significant impact on the use of IT in the coming years.
Bechtle,operational,ai-driven,"At the beginning of 2026, the IT market have alsobeen burdened by the AI-driven high demand for memory components, which has already led to price increases for PCs."
Bechtle,operational_context,automated,"Furthermore, manufacturers’ specific platform strategies cannot always be combined with automated workflows on our part."
Bechtle,operational_context,automated,"Automated, playbook-based reaction mechanisms are also used."
Bechtle,operational_context,automated,"Security analysts are available to provide support for actions that cannot be automated, as well as in the event of successful attacks as part of Digital Forensics & Incident Response (DFIR)."
Dermapharm SE,operational_context,automated,An increase in the reference rate over the course of 2026 is tains automated cash pools for this purpose.
Deutz AG,strategic,artificial intelligence,"The Supervisory Board regards the following certain minimum competencies that are necessary for the as key elements of this skill set: proper performance of their role: ▪ Experience in managing and supervising international ▪ Ability to understand and critically scrutinize the companies business model ▪ Competence in the Company’s areas of activity and in ▪ Fundamental knowledge of the relevant legal provisions the associated markets and value chains ▪ Fundamental knowledge of compliance ▪ Competence relating to the strategic and sustainable development of the Company, of technology, and of the ▪ Fundamental financial expertise, particularly in markets accounting, risk management, and annual financial statements ▪ Knowledge of codetermination law ▪ Ability to examine the annual financial statements, if ▪ Knowledge of finance, accounting, and auditing necessary with the assistance of the independent auditor ▪ Knowledge of legal matters, corporate governance, and risk management ▪ Ability to understand, critically scrutinize, and draw conclusions from the reports of the Board of ▪ Experience in the areas of supply chains, research and Management and of the Supervisory Board committees development, and manufacturing ▪ Ability to assess the propriety, commercial viability, ▪ Experience in sales, service, and marketing appropriateness, and legality of business decisions and to check their plausibility ▪ Knowledge of sustainability issues and ESG13 topics that are relevant to the Company ▪ Willingness and ability to devote the time and effort required ▪ Knowledge in the areas of IT, digitalization, Industry 4.0, and artificial intelligence (AI) ▪ Willingness to undertake ongoing professional development in the form of both inhouse and external ▪ Knowledge of capital and financial markets training activities In addition, in accordance with the requirements of section 100 ▪ Personal independence and integrity (5) AktG, at least one member of the Supervisory Board and the Audit Committee must have expertise in the area of accounting and at least one member of the Supervisory Board and the Audit Committee must have expertise in the area of auditing (financial experts)."
Deutz AG,strategic,artificial intelligence,"AGG,18 and non-discrimination, as well as the new module established in 2025 regarding LkSG and a module providing an In 2025, the code of conduct was again made accessible to all introduction to artificial intelligence."
Deutz AG,strategic,artificial intelligence,"particularly the US tariff policy, can be offset by a boost to growth triggered by technology sector investment, for DEUTZ anticipates largely stable energy prices year on year in example in artificial intelligence (AI) infrastructure, especially 2026, particularly in the case of electricity."
Durr,strategic,artificial intelligence,"Added to these are transformational challenges such as the transition to e-mobility, the advancement of artificial intelligence, and the global expansion of Chinese companies."
Durr,strategic,artificial intelligence,"In this context, the Supervisory Board also addressed the deployment of artificial intelligence within the Group as well as business opportunities in the fields of robotics and defense."
Durr,strategic,artificial intelligence,"Ulrich Dietz, Chairman of the Council, summarized the council’s current work priorities, including artificial intelligence and automation."
Durr,strategic,artificial intelligence,"For many years, the Schuler family digitalization of production processes includes, for example, formed a shareholder group with the Erich and Hanna manufacturing execution systems (MES) for higher-level factory Klessmann Foundation, whose approximately 400,000 no-par control as well as analysis applications, which often operate with value shares were acquired in full by Dürr Technologies GmbH artificial intelligence (AI)."
Durr,strategic,artificial intelligence,"To achieve this, we are process time, the new system uses dip tanks arranged next to integrating artificial intelligence and simulations into our each other, which can be operated with individual cycle times."
Durr,strategic,artificial intelligence,Another key topic was the Dürr Group’s strategy with regard to artificial intelligence.
Durr,strategic,artificial intelligence,A further escalation could lead to regulatory requirements when deploying artificial intelligence.
Durr,strategic,artificial intelligence,5.2.1 OPPORTUNITY MANAGEMENT SYSTEM 5.2.3.2 Artificial intelligence/digitalization Digitalization opens up new business and differentiation We identify and evaluate new business opportunities with the aid opportunities.
Durr,strategic,artificial intelligence,"Particular opportunities for differentiation aggregated to identify opportunity complexes, and it is duly arise from the deployment of artificial intelligence, such as the evaluated."
Durr,strategic,artificial intelligence,The use of production will increase by around 2% to 94.0 million vehicles in artificial intelligence also opens up opportunities for new 2026.
Durr,strategic,plan to use ai,We (including packaging) used in plan to use AI to automatically extract information on recycling the manufacture of the company’s products and proportions from suppliers' product-related documents.
Durr,strategic,artificial intelligence,for new tasks and train them in the use of digital technologies and artificial intelligence.
Durr,strategic,pilot phase,"In the pilot phase, we are at our sites abroad."
Durr,operational,predictive maintenance,"It specializes in software family includes, for example, solutions for plant coating systems for electrode foils, dryers, calendering monitoring, higher-level manufacturing execution systems, as machines, as well as solvent recovery systems and was well as condition analytics, and predictive maintenance."
Durr,operational,predictive maintenance,"The pool agreement contains extensive reciprocal root cause analysis, and predictive maintenance."
Durr,operational,ai-based,"In order to this end, the Council balances the innovation strategy against reduce programming effort, BBS Automation is working on current trends in production technology and advises the Board integrating cameras and AI-based image processing systems of Management on the potential of future technologies."
Durr,operational,ai-based,The energy requirements of our technologies are AI-based software that accesses our most important ERP usually determined as part of product development or project systems.
Durr,operational,ai application,We check compliance with the Code as part of quality the AI application and recording the weight of purchased audits.
Durr,operational,using ai,The calculation was carried out using AI- business rests with the respective division management.
Durr,operational_context,automated,"Gluing technology is used for the paint separation system, the EcoInCure car body oven, and the automated fitting of windows, glass roofs, or cockpits."
Durr,operational_context,automated,"It advises on the and application technologies for the automated spray application planning of factories as well as assembly and production of primers, base coats, and clear coats, in addition to plant processes for the automotive industry and other industries."
Durr,operational_context,automated,"changers EcoLCC2 and EcoMCC3, and the robot-based application system EcoPaintJet for automated two-tone painting The Lithium-Ion Battery business unit has also been part of the without paint loss."
Durr,operational_context,automated,"The automated systems for the assembly and testing of automotive software portfolio ranges from easy-to-use apps for craft components, electric drives, as well as small plastic products businesses through to solutions for digitalizing entire factories."
Durr,operational_context,automated,"It offers solutions for eliminating unbalance in rotating climate-friendly and their production can be easily automated, bodies – from small dental drills to power plant turbines – and we see considerable potential for growth in this area."
Durr,operational_context,automated,25 ANNUAL REPORT 2025 Contents Management and share Combined management report Remuneration report Consolidated financial statements Other Fundamentals: The Group at a glance 2.2 — ACTIVITIES AND SALES MARKETS1 AUTOMOTIVE DIVISION Business type Activities Customer groups ▪Mechanical and plant engineering ▪Paint shops ▪Automotive manufacturers ▪Robots and products for automated spray painting ▪ Automotive suppliers ▪Sealing technology ▪ Commercial vehicle manufacturers ▪Gluing technology ▪ General industry (e.g.
Durr,operational_context,automated,We are sharpening our focus on this field of ▪ Administrative resizing goes hand in hand with changes in technology as we expect demand for automated production the governance structure.
Durr,operational_context,automated,"Such reshoring strategies are only efficient if the new will be streamlined and concentrate solely on holding locations are highly automated, ensuring that production activities."
Durr,operational_context,automated,"Instead of the growth in sales to between automated production of construction elements for climate- €300 and €500 million originally considered achievable, an friendly timber houses."
Durr,operational_context,automated,"We are There is also great growth potential in the future, as timber currently testing the mass-production capabilities of this house construction is sustainable and can be readily automated."
Durr,operational_context,automated,This trend is reflected in the areas of expertise and leverage synergy potential under the one construction of highly automated factories with an annual output roof of the Dürr Group.
Durr,operational_context,automated,"In addition, the divisions support automated systems for assembling and testing mostly small each other in their operations, for example in project execution products in very large quantities."
Durr,operational_context,automated,31) 982 953 1.6.1 R&D GOALS R&D personnel costs € million -103.5 -98.6 1 Continued operations The products and manufacturing processes developed through 2 Share of R&D expenditure in sales our R&D work are designed to enable customers to produce in an automated as well as energy- and resource-efficient manner.
Durr,operational_context,automated,In manufactured efficiently on automated lines.
Durr,operational_context,automated,"39 ANNUAL REPORT 2025 Contents Management and share Combined management report Remuneration report Consolidated financial statements Other Fundamentals: Research and development 1.6.4.2 Industrial Automation ▪ Ulrich Dietz (Chairman), Chairman of the Administrative BBS Automation offers automated systems for the production of Board of GFT Technologies SE hairpins and X-pins for the stators of electric motors and is now ▪ Prof."
Durr,operational_context,automated,We invested in a new automated sheet metal processing plant in Southfield before the tariff conflicts began.
Durr,operational_context,automated,"The key instruments, controls, and backup routines for the accounting process are as ▪ Our ERP systems and the consolidation system include follows: automated controls to ensure that individual business transactions are duly assigned to the correct balance sheet ▪ Dürr AG’s Accounting Guideline defines the accounting line items."
Durr,operational_context,automated,We therefore use down payments as security and closely monitor Demand for automated assembly and testing systems for incoming payments.
Durr,operational_context,automated,"In addition, automated assembly and testing lines for Technology Council also form part of opportunity management."
Durr,operational_context,automated,"Among other things, there is increasing investment in the construction of large factories for 5.2.2 POTENTIAL OFFERED BY OPPORTUNITIES the automated prefabrication of timber construction elements on an industrial scale."
Durr,operational_context,automated,"We support them with low-consumption solutions and With BBS Automation, we are expanding in the market for electrically powered machinery and systems that operate automated systems for assembling medtech products (such as without fossil fuels."
Durr,operational_context,automated,"Moreover, our automated through the integration of BBS Automation."
Durr,operational_context,automated,"These technologies include machines and systems for activities manufacturing cross laminated timber, for the fully automated According to the EU Taxonomy Regulation, taxonomy-eligible production and insulation of wall and ceiling elements of timber economic activities are to be classified as taxonomy-aligned if houses, and for the production of timber windows and doors."
Durr,operational_context,automated,"In addition, the Group has systems for automated paint applications as well as sealing and applied the new and/or amended standards and the gluing technology."
Durr,operational_context,automated,"Furthermore, the Automotive division offers testing technology, The revenue from contracts with customers was recognized for assembly products and filling technology for final vehicle each division in accordance with IFRS 15 and categorized into assembly as well as products and systems for the automated over-time and point-in-time revenue."
Heidelberg Druckmaschinen,strategic,artificial intelligence,We use artificial intelligence (AI) in a targeted manner to reduce the workload on staff and to ensure quality.
Heidelberg Druckmaschinen,strategic,artificial intelligence,Automation and artificial intelligence AI applications are helping HEIDELBERG revolutionize the printing industry.
Heidelberg Druckmaschinen,operational,predictive maintenance,Predictive maintenance A printing press is still built using large quantities of metal.
Heidelberg Druckmaschinen,operational,predictive maintenance,"There, they are evaluated and used for predictive maintenance of the printing presses."
Heidelberg Druckmaschinen,operational,our ai,Our AI-driven planning enables us to continuously optimize prowe have the right duction – all the way to fully autonomous process chains.
Heidelberg Druckmaschinen,operational,thanks to ai,"Perfect presettings thanks to AI The new Speedmaster XL 106 uses the Hycolor Assistant and AI to fully automate the presetting of the inking unit and dampening system and, in combination with Hycolor XL, cuts set-up waste by up to 25 percent."
Heidelberg Druckmaschinen,operational,ai-based,These AI-based digital systems enable customers through improvements in internal efficiency.
Heidelberg Druckmaschinen,operational,ai-based,It is precisely these situations that ther development of a market-ready system for the industrial HEIDELBERG is addressing with its AI-based Prinect Touch production of hydrogen and then industrialize it.
Heidelberg Druckmaschinen,operational_context,automated,"With our highly automated machines, robotics systems and the Prinect software platform, processes become even more efficient and require fewer skilled personnel."
Heidelberg Druckmaschinen,operational_context,automated,"But even these demanding print jobs could be fully automated in the next ten years, so that the printing process would only stop in the event of serious faults."
Heidelberg Druckmaschinen,operational_context,automated,for action Performance Advisor Technology (PAT) is an automated consulting service for print shops that uses AI to continuously analyze production data and provide recommendations.
Heidelberg Druckmaschinen,operational_context,automated,and automated workflow for the most attractive packaging segments to provide a greater level of automation for 5.
Heidelberg Druckmaschinen,operational_context,automated,"It also offers its customers addi- machines are built at two production sites: In Wiesloch-Walltional integrated solutions for hybrid, computer-controlled dorf, Germany, we assemble a wide variety of highly automated print production processes in the form of digital printing machines specially configured to the customer’s requirements systems based on toner and inkjet technologies."
Heidelberg Druckmaschinen,operational_context,automated,"This fully digital label printing machine is a highly process in the packaging sector, accounted for around 28 per- automated and cloud-connected system that uses UV inkjet cent of the printing market in 2023."
Heidelberg Druckmaschinen,operational_context,automated,Print shops providing commercial solutions in industrialized countries lies more on luxury and printing services will need these kinds of automated and flexsustainability.
Heidelberg Druckmaschinen,operational_context,automated,"Our high performance, digitally HEIDELBERG addresses the market for packaging printing connected printing presses work according to the “Push-towith both its highly automated sheetfed offset presses in the Stop” philosophy, meaning that the printing process is fully Speedmaster series and also its Boardmaster flexographic automatic and only stops when the operator presses a button."
Heidelberg Druckmaschinen,operational_context,automated,"printing system, which satisfies the main requirements and For the postpress processing of printed sheets, we already issues faced by customers in the packaging market: cost pres- offer automated solutions and robots for the packing process sure, productivity, lack of skilled workers, exclusivity and (“end-to-end”)."
Heidelberg Druckmaschinen,operational_context,automated,the path to fully automated printing processes.
Jenoptik,strategic,artificial intelligence,"Here, artificial intelligence and advanced software are playing an increasingly important role."
Jenoptik,strategic,artificial intelligence,"The solutions offered cover a wide range of stationary and mobile applications, and use video analytics, artificial intelligence, and sensor fusion."
Jenoptik,strategic,artificial intelligence,We also want to further expand our software expertise and our knowledge in the field of artificial intelligence.
Jenoptik,strategic,artificial intelligence,The use of artificial intelligence plays an increasingly important role in both frontend and backend systems.
Jenoptik,strategic,artificial intelligence,Particular attention was paid to the emerging field of quantum technology as well as to developments in artificial intelligence.
Jenoptik,strategic,artificial intelligence,Digitization and artificial intelligence are primarily viewed as opportunities to further integrate digital solutions into the product portfolio.
Jenoptik,strategic,artificial intelligence,Trends relating to artificial intelligence and the increasing digital interconnection of hardware and software components are associated with rising demand for high-performance chips in the semiconductor industry and for semiconductor manufacturing equipment.
Jenoptik,strategic,artificial intelligence,"Due to the rapid progress in the use of artificial intelligence (“AI”) and the increasing digitization in all areas of application, the requirements placed on Supervisory Board members’ expertise in the areas of digitization, digital transformation of the company, and integration of AI into the corporate business models have increased."
Jenoptik,strategic,digital transformation,"Information Security − Corporate Innovation & Digital Transformation − Mergers & Acquisitions − Purchasing − Marketing & Communication − Quality − Legal − Environmental, Health and − Compliance & Risk incl."
Jenoptik,operational,ai-driven,"These include, for example, optical information and communication technology, where demand for high-quality transceivers for AI-driven data centers is increasing."
Jenoptik,operational,ai-based,"T06 Key projects in 2025 Market Products and solutions developed and launched in 2025 Semiconductor equipment − Expansion of the customer-specific EUV portfolio for semiconductor lithography (light sources, imaging optics, wafer metrology) − Further development of design and manufacturing technologies for highest-performance lenses to meet significantly increased requirements in semiconductor equipment and adjacent markets − Development of scalable, miniaturized high-performance modules, enabling parallelization of optical functions and higher throughput − Development of interfaces in existing design and manufacturing technologies for the integration of photonic integrated circuits (PICs) into miniaturized optical solutions − Optimization of product designs with a focus on sustainability and circularity (“reuse”), including the reuse of returned components in newly manufactured products Metrology and electronics − ImageMaster® PRO AR Reflection: new solution for fast and reliable quality inspection of optical components for augmented reality applications, suitable for high-volume production and improving process reliability and yield − ImageQuality Hub: new software solution enabling standardized, more efficient evaluation and comparability of measurement results across different systems and locations − CamTest Focus OEM: new, easily integrable test unit for fast and more efficient inspection of camera image quality in production − SurfInspect: new automated, AI-based inspection system for objective assessment of the surface quality of optical components, reducing manual effort and improving result comparability Life science and medical − Development of adaptable semiconductor-based white-light sources through the combination of technology illumination and imaging expertise − Integration of multiple technologies into a system supporting minimally invasive, robot-assisted applications for more precise and safer procedures, including in surgical urology and ophthalmology − Participation in the German Federal Ministry of Education and Research (BMBF) funding program “Fusion 2040” as part of the joint project DioHELIOS: contribution to fundamental development of highly efficient diode laser modules as pump sources for high-energy lasers in inertial fusion reactors Traffic safety technology − Expansion of AI-based detection capabilities to include additional types of violations (including turning violations) as well as identification of hazardous and safety-critical behavior − Continued modernization of the software architecture, with initial implementations at customer sites 42 Jenoptik Annual Report 2025 Combined Management Report | General Group Information Employees Development of employee numbers As of December 31, 2025, Jenoptik employed 4,453 people (including trainees and temporary staff), a decrease of 4.2 percent compared with the prior year (31/12/2024: 4,646 employees)."
Jenoptik,operational,ai solution,The medium to high risks associated with the unintended transfer of sensitive data through the use of publicly accessible AI applications and cloud services have been mitigated by the introduction of internal guidelines and the deployment of a proprietary AI solution for employees.
Jenoptik,operational,ai-driven,"The IMF identifies risks, among other factors, in the possibility that expected AI-driven productivity gains may not materialize as anticipated, which could have implications not only for real investment but also for stock markets."
Jenoptik,operational_context,automated,"Here, Jenoptik covers the entire supporting process chain – from system development, construction, installation, and maintenance of the monitoring infrastructure, capturing images of traffic violations and their automated processing in the back-office to debt collection – enabling recurring revenues."
Jenoptik,operational_context,automated,"In addition to control and safeguarding measures within quarterly ESG reporting, further processes were automated, for example in the area of occupational safety, and are now handled more securely and digitally via the central reporting system."
Jenoptik,operational_context,automated,"To obtain consent and commitment to comply with the provisions of the Code of Conduct throughout the supply chain, we have introduced an automated IT solution."
Jenoptik,operational_context,automated,Prodomax plans and builds automated production lines and integrates them into the customer's manufacturing environment.
Krones,strategic,artificial intelligence,"Individual Supervisory Board members thus took part in external and internal training on topics Advice and oversight including financial reporting and financial ratio analysis, the EU Corporate Sustainability Due Diligence Directive, the German Supply Chain Due Diligence Act, As prescribed by the German Stock Corporation Act and the company’s articles sustainability reporting, artificial intelligence in IT strategies and cybersecurity."
Krones,strategic,artificial intelligence,Numerous work operations and processes are accelerated and automated using digital tools like artificial intelligence (AI).
Krones,strategic,artificial intelligence,"investment in the IT sector, especially in the field of artificial intelligence (AI)."
Krones,strategic,artificial intelligence,"The knowledge gained is incorporated into the further deline concept, which is based on modular and standardised components and intevelopment of technology platforms and takes into account both environmental grates the use of robotics and artificial intelligence."
Krones,strategic,artificial intelligence,"Military conflicts, for example, warns that artificial intelligence (AI)-related tech stocks in particular are trading harbour the risk of rising commodity prices and disruptions in global supply at very high levels and that a price correction is consequently possible at any chains."
Krones,strategic,artificial intelligence,"A source of impetus euro area continues to lag according to the IMF is rising technology investment in For industrialised economies, the IMF anticipates below-average GDP growth behind with growth of artificial intelligence (AI), particularly in North America of 1.8% in 2026."
Krones,strategic,artificial intelligence,Line expertise Filling and packaging lines are made up of many individual Artificial intelligence Artificial intelligence (AI) is a branch of computer science that machines and systems.
Krones,strategic,artificial intelligence,"Many new technologies, such as cloud computing, artificial intelligence and rPET Recycled PET."
Krones,operational,predictive maintenance,"This enables Krones to manage the machines and lines remotely, perform software updates, ensure cyber security and provide digital services such as real-time data acquisition and predictive maintenance."
Krones,operational_context,automated,The need for fully automated logistics solutions is also increasing in line with the number of packaged beverage units.
Krones,operational_context,automated,"Key customer requirements and priorities include: Integrated Economic Sustainability packaging solutions Greenhouse gas emissions/net zero Product safety Recycling Quality solutions Resource efficiency Circular economy Fully automated, Sustainable packaging flexible intralogistics Cost savings (TCO) Digitalisation Footprint High availability/reliable production Enabled by Line efficiency digitalization Product diversity 1 | to ouR shaReholdeRs 2 | Combined 3 | CoRpoRate goveRnanCe 4 | Consolidated 5 | notes to the Consolidated 6 | otheR inFoRmation Success factor innovation management RepoRt statement FinanCial statements FinanCial statements 11 || 1122 Meeting customer needs with innovations Innovation is an integral part of Krones’ DNA."
Krones,operational_context,automated,"These included high-quality process technologies, energy and media-efficient filling and packaging solutions, and fully automated intralogistics concepts."
Krones,operational_context,automated,"The portfolio also includes automated guided vehicles, which were shown in service at drinktec."
Krones,operational_context,automated,"Our highly automated solutions enable customers to save energy, reduce the number of operating personnel and cut operating costs."
Krones,operational_context,automated,This fully automated product from System Logistics both saves on operating personnel and quickly and reliably handles complex orders.
Krones,operational_context,automated,"An important part of Ingeniq alongside our energy-saving, small carbon footprint enviro machines is autonomous and automated material handling throughout the production process."
Krones,operational_context,automated,"We have a solid order backlog, and demand for our products and energy and media-efficient filling and packaging systems, and fully automated services remained robust going into the year."
Krones,operational_context,automated,"Revenue (€ million) 507.5 513.7 453.3 2023 2024 2025 2023 2024 2025 EBITDA (€ million) 34.7 49.5 52.9 EBITDA margin (%) 7.7 9.7 10.3 1 | to ouR shaReholdeRs 2 | Combined 3 | CoRpoRate goveRnanCe 4 | Consolidated 5 | notes to the Consolidated 6 | otheR inFoRmation management RepoRt statement FinanCial statements FinanCial statements Fundamental Information Krones at a glance 2 | 49 Intralogistics segment In this segment, through the System Logistics subgroup, Krones provides the planning and design of fully automated warehousing, order-picking and material flow systems, with automated guided vehicle systems and matching software tools."
Krones,operational_context,automated,"Warehouse and material flow technology Automated guided vehicles Automated order picking systems System and software solutions See also Segment report, pages 108 and 240."
Krones,operational_context,automated,"1 | to ouR shaReholdeRs 2 | Combined 3 | CoRpoRate goveRnanCe 4 | Consolidated 5 | notes to the Consolidated 6 | otheR inFoRmation management RepoRt statement FinanCial statements FinanCial statements Fundamental Information Krones’ Strategy 2 | 62 Intralogistics Intralogistics segment Market with above-average growth potential Despite the current difficult economic conditions, the market for automated warehouse logistics will grow faster than the global economy in the medium and long term."
Krones,operational_context,automated,"As well as saving energy and lowering operating costs, our automated products increase efficiency and reduce the number of operating personnel required, thus countering the skills shortage."
Krones,operational_context,automated,System Logistics will drive profitable growth primarily with automated order picking systems and expansion of the service and software business.
Krones,operational_context,automated,"In the event of any cations, subsidiary System Logistics SpA has also implemented an automated irregularities, measures are specified and solutions proposed."
Krones,operational_context,automated,System Logistics is also Revenue growth 3% – 5%* 7.0% 7% – 9% driving profitable growth primarily with automated order picking systems and EBITDA margin 10.7% – 11.1% 10.6% 10.2% – 10.8% expansion of the service and software business.
Krones,operational_context,automated,The group has a legal right to payment for the ness of automated application controls.
Nemetscheck Group,strategic,artificial intelligence,"4 KEy FIgURES REVENUES BY SEGMENT IN % Media 10% Previous year: 12% 45% Design Manage 4% Previous year: 49% Previous year: 5% Build 40% Previous year: 34% REVENUES BY TYPE IN % Consulting & Hardware 3.1% 4.7% Software licenses Previous year: 3.4% Previous year: 10.1% Recurring revenues software services, rental models (subscription, software-as-a-service) 92.2% Previous year: 86.5% REVENUES BY REGION IN % Asia / Pacific 10% Previous year: 10% 17% Germany Previous year: 18% Americas 42% EMEA 31% (without Germany) Previous year: 41% Previous year: 31% 5 Letter to Shareholders Artificial intelligence is currently one of the most transformative Fiscal year 2025: Strong growth with increased profitability forces shaping the global economy."
Nemetscheck Group,strategic,artificial intelligence,"sition of our business from license sales to subscription and SaaS models, this revenue category has grown at an above average Artificial intelligence is one of the most important growth drivers pace and now forms the backbone of our recurring business."
Nemetscheck Group,strategic,ai strategy,This solid financial position gives the Nemetschek Group a 7 Strategic highlights 2025 » Strategic partnerships and academic collaborations Our focus on growth and innovation was also reflected in numer- are another important lever in our AI strategy.
Nemetscheck Group,strategic,ai strategy,"with the Technical University of Munich (TUM), we further expanded our cooperation at an international level, » One focus continued to be the consistent further developincluding Stanford University (Center for Integrated Facility ment of our AI strategy."
Nemetscheck Group,strategic,digital transformation,The digital transformation of the industry is there- Our conviction is unwavering: Our robust operational foundation fore becoming increasingly important.
Nemetscheck Group,strategic,artificial intelligence,"By evolving from a vertical software company to a vertical AI We are entering the year 2026 with a clear ambition: We will fur- leader, we build on our deep domain expertise, our unique data ther advance our internationalization, intensify innovation with a intelligence, our trusted customer relationships, and our network strong focus on artificial intelligence, make targeted investments effects."
Nemetscheck Group,strategic,digital transformation,He also promotes innovation and digital transformation to enhance customer value and achieve long-term success.
Nemetscheck Group,strategic,ai will,"The trans- struction – where AI will transform fragmented formation of our business model has proved workflows into seamless, data-driven collaboration successful."
Nemetscheck Group,strategic,ai-first,"Building on these faster, safer, and with greater confidence – all while measures and our clear AI-first strategy, we will achieving sustainable growth for our business.” continue to create added value for our customers going forward.” 11 Supervisory Board’s Report on the 2025 Fiscal Year of Nemetschek SE The Supervisory Board of Nemetschek SE involved itself exten- was able to completely fulfill its monitoring and advisory role at sively with the situation and development of the Nemetschek all times."
Nemetscheck Group,strategic,artificial intelligence,The Supervisory Board additionally » Continuous development and further areas of application of examined the effects of the ongoing geopolitical crises on the artificial intelligence (AI-based solutions) company’s business activities.
Nemetscheck Group,strategic,artificial intelligence,"Other focal points included the advancement of the product and solution portfolio, technology and innovation – including » Progress of the company-wide business enablement initiathe use of artificial intelligence – and matters relating to organizatives tional alignment and ongoing transformation projects."
Nemetscheck Group,strategic,artificial intelligence,The » Targets achieved by the Executive Board and general managSupervisory Board also received training on application areas ers and release of payments of variable remuneration shares and possible use cases for artificial intelligence.
Nemetscheck Group,strategic,artificial intelligence,cross-brand and cross-segment initiatives The Supervisory Board consists of six members and is of the » Strategic alignment in the area of artificial Intelligence (AI) opinion that a body of this size ensures the efficient and effective discharge of its duties even without forming further specialized » Group-wide cloud infrastructure committees.
Nemetscheck Group,strategic,artificial intelligence,"ning foundations (business plan for the 2026 fiscal year) » Strategic projects at segment level and Group level, including AUDIT COMMITTEE AND INDIVIDUAL ATTENDANCE RATE cross-brand and cross-segment initiatives Number of meetings / Participation rate » Artificial intelligence focus areas Participation in % Kurt Dobitsch 4/4 100 % » Investment projects in core and growth markets Iris M."
Nemetscheck Group,strategic,artificial intelligence,"The rapid at the beginning of 2025 in particular, driven by a further eas- development of generative artificial intelligence led to a revaluaing of inflation but especially by extensive fiscal policy stimulus in tion of many business models."
Nemetscheck Group,strategic,artificial intelligence,"were broad-based, largely disconnected from companies’ operating performance and driven by a wide-scale revaluation of busiPublication of the preliminary results for the 2024 fiscal year on ness models amid rapid advances in artificial intelligence."
Nemetscheck Group,strategic,artificial intelligence,market perceptions regarding the potential disruptive impact of artificial intelligence weighed particularly heavily on the sector.
Nemetscheck Group,operational,our ai,"At the same time, we further strengthened our AI a key catalyst for innovation."
Nemetscheck Group,operational,our ai,"Moreover, we are working closely with Googand product development, technology-driven acquisitions and le Cloud, among others, in the commercial sector to further venture investments, and strategic partnerships with leading strengthen our AI and cloud expertise and to translate technology and research institutions."
Nemetscheck Group,operational,our ai,"» In the area of innovation and in‑house product devel‑ » Our internationalization and group-wide go‑to‑market ap‑ opment, we have continuously expanded our AI funcproach were further strengthened in the year 2025."
Nemetscheck Group,operational,ai-based,"and Manufacton, by adding additional expertise sharing of best practices, and an optimized tool and support in the area of data-driven and AI-based solutions."
Nemetscheck Group,operational,ai platform,"At the system landscape – supported by the targeted internal use same time, a venture investment in Handoff, an AI platform of AI to further automate and increase the efficiency of global for contractors, was completed."
Nemetscheck Group,operational_context,automated,"It creates attractive growth fiscal year 2025 thanks to our very strong organic growth opportunities for us – for example, through agent-based AI solu– particularly in the Design and Build segments – and the tions that support decision-making, automated processes and inorganic revenue contribution from GoCanvas in the first half workflows while significantly increasing productivity."
Rational AG,strategic,artificial intelligence,If 28 RATIONAL Annual Report 2025 Group Management Report The intensified use of artificial intelligence opens up Risks to the health of employees considerable opportunities for increasing efficiency and If hazardous and poisonous substances are handled improperly optimising processes.
Rational AG,strategic,artificial intelligence,artificial intelligence in 2025.
Rational AG,operational_context,automated,A fully automated order-picking high-bay and commitment of our employees.
Rational AG,operational_context,automated,"Demand for out-of-home catering is growing, capacity to expand the international infrastructure, safeguard and because of skills shortages this means that automated, process quality, enable strategic projects as well as implement efficient solutions such as combi ovens are very sought-after."
STRATEC SE,strategic,artificial intelligence,"Alongside the ongoing dominant topic of artificial intelligence, investors increasingly focused on infrastruc- Measured in terms of simple order book turnover, ture investments, defense, and the energy transition."
STRATEC SE,operational,ai-driven,"In parallel, growth benefited from the moderate growth of 3.6 % seen in the previous dynamic investment in technology and AI-driven sec- year."
STRATEC SE,operational_context,automated,"As diagnostic assays become more sensitive and as cell-based therapies move toward large-scale therapeutic manufacturing, separation technologies must meet new requirements simultaneously: they must be gentle, high-throughput, reproducible, and, crucially, compatible with automated workflows."
STRATEC SE,operational_context,automated,"Micropillars operate continuously and in parallel, therefore they form the basis of robust, high-throughput microfluidic “engines” suitable for integration into automated systems."
STRATEC SE,operational_context,automated,"By enabling gentle, reproducible, and highthroughput cell isolation, they provide a foundation for closed, automated workflows that preserve cell viability and function while meeting industrial manufacturing requirements."
STRATEC SE,operational_context,automated,"Today, this expertise is reflected in a comprehensive automated manufacturing platform that combines mastering (the fabrication of micro- and nanostructures), highprecision, temperature-variable compression molding, and various bonding and laser welding processes."
STRATEC SE,operational_context,automated,"ous coating technologies, polymer science applications, and the automated and industrial production of smart consumables."
STRATEC SE,operational_context,automated,"The lack of qualified laboratory staff in many countries is additionally boosting demand for highly automated, To optimally draw on the wide variety of growth poefficient system solutions."
STRATEC SE,operational_context,automated,"nent stream of new insights and applications that, in the next step, have to be turned into marketable, automated products in the form of diagnostic and therapeutic solutions."
STRATEC SE,operational_context,automated,Automated solutions help to replace manual processes that are prone to error and to meet increasingly strict regulatory requirements.
STRATEC SE,operational_context,automated,GENERAL DISCLOSURES Basis of preparation General information STRATEC SE designs and manufactures fully automated The consolidated financial statements compiled by analyzer systems for its partners in the fields of clinical STRATEC SE as the topmost parent company as of diagnostics and biotechnology.
STRATEC SE,operational_context,automated,"These agreements are statements, we began our audit by assessing the proprimarily aimed at developing fully automated analysis cesses and controls established by the Group, including systems for customers in the diagnostics and biotech- the IT systems used to recognize revenue from denology sectors."
SUSS Microtec SE,strategic,artificial intelligence,tion to the use of artificial intelligence at the Company and the them and the current members of the Management Board every associated risks and opportunities.
SUSS Microtec SE,strategic,digital transformation,We continuously invest in the Company in the digital transformation of our processes.
SUSS Microtec SE,strategic,artificial intelligence,The restateductors used in artificial intelligence applications.
SUSS Microtec SE,strategic,artificial intelligence,"When assessing the growth of the global growth outlook are primarily uncertainties arising from equipment industry, it is important to note that efficiency gains, trade policy tensions and changes, ongoing global geopolitical increases in throughput and yields, and the trend toward larger tensions and local political conflicts, the unclear development of wafer diameters and square substrates may cause the industry productivity gains through artificial intelligence and thus the de- to diverge from the overall semiconductor market."
SUSS Microtec SE,strategic,artificial intelligence,"The stronand storage applications, particularly in connection with the fur- gest growth in 2026 is still expected to come primarily from the ther expansion of the infrastructure for artificial intelligence ap- sub-segments of memory applications (DRAM, NAND) and adplications."
SUSS Microtec SE,operational,predictive maintenance,"Nonetheless, due to Through predictive maintenance, we try to keep the operational theless, we cannot rule out the possibility of data manipulation, the growing complexity of the tools, there is a risk that quality readiness of the ventilation systems high and avoid failures."
SUSS Microtec SE,operational_context,automated,"With regard to key technol- ers for many years with fully automated tools, which are primarily inkjet process for efficiency-optimized processes, round off our ogies, useful additions to our portfolio, and attractive research and used for high-volume production, as well as with manual tools in portfolio."
SUSS Microtec SE,operational_context,automated,"semi-automated, and automated solutions."
Secunet,strategic,digital transformation,"For over Business sector: Secure digitalization in 25 years, we have been the digital security partner for Europe's governments, institutions, and businesses, ensuring their industry and healthcare independence and data sovereignty with high-performance Digital transformation is giving rise to new business models, infrastructures and security technologies."
Secunet,strategic,digital transformation,"In a world characterized by increasing geopolitical instability and rapid digital transformation, we once again demonstrated that cybersecurity is not an optional extra, but rather the foundation of sovereign societies."
Secunet,strategic,artificial intelligence,"The loss of data sovereignty 6 Company Management Report Consolidated Financial Statements Other Disclosures Growth trajectory confirmed: Our core Public Sector segment remained the With the advancement of artificial intelligence, strongest growth driver, generating sales revenue of threat scenarios have also changed: Sophisticated A new record year €412.2 million."
Secunet,strategic,digital transformation,Our operating profit (EBIT) also improved expertise to secure its digital transformation.
Secunet,strategic,artificial intelligence,"This empowers access the telematics infrastructure (""TI as a government agencies and security-critical indus- Service"") with high performance and low maintries to harness the potential of artificial intelligence tenance."
Secunet,strategic,artificial intelligence,"Digital transfor- reports, provided regular advisory support, and, in mation and the expansion of infrastructure for the course of fulfilling our duties, satisfied ourselves artificial intelligence and cybersecurity, in particular, that the work of the Management Board was lawful, Dr."
Secunet,strategic,artificial intelligence,transformation and artificial intelligence.
Secunet,strategic,artificial intelligence,"The system is delivered fully integrated and quickly deploy artificial intelligence (AI) in a pre-configured, allowing for rapid deployment."
Secunet,strategic,ai can,"This ensures that sensitive data remains protected at all times, and More information: the AI can only access the content it is authorized to."
Secunet,strategic,artificial intelligence,from the ongoing wave of investment in artificial intelligence and technological infrastructure.
Secunet,strategic,artificial intelligence,"The threat landscape is now characterized by a Information and communication technology (ICT) market significant professionalization of attackers, who use generative artificial intelligence to conduct automated and highly personalized attacks on an In addition to the general economic development in Germany, the overall industrial scale."
Secunet,strategic,digital transformation,"With secunet's security The EU has now published requirements for sustainable economic activities, as solutions, companies can meet security standards in their digitalization projects defined in the Taxonomy Regulation, for all six environmental objectives (climate and thus accelerate their digital transformation."
Secunet,operational,ai solution,"The AI solution is multi-tenant capable, meaning it offers strict separation between units such as departments, teams, or projects."
Secunet,operational,predictive maintenance,"also allows for the storage of configurations as a The latter allows the company to leverage added ""digital twin"" and the distribution of updates to a value, for example, through predictive maintenance large number of devices."
Secunet,operational_context,automated,"Relief is achieved primarily where efficient, make lengths of stay more transparent, and control points: How can additional checks be processes are automated and work steps are reliably verify identities."
Secunet,operational_context,automated,"Ultimately, the and secure › Where automated border control makes sense, even after success of the EES is not determined by the secunet easygate speeds up processing through the technology alone, but by its integration into robust document and identity verification in a introduction functioning processes."
Secunet,operational_context,automated,36 Company Management Report Consolidated Financial Statements Other Disclosures includes automated border control systems that ensure a smooth and secure International business flow of passengers at airports and other border control points.
Secunet,operational_context,automated,"By integrating AI into cyber involve filling gaps in the portfolio and further strengthening technological defense – for example, for the automated, real-time detection of anomalies – expertise."
Secunet,operational_context,automated,In addition to manual process controls – such as the dual control principle – automated IT The control activities to ensure the correctness and reliability of financial process controls are also an essential part of the process-integrated measures.
Secunet,operational_context,automated,"This also includes automated increasingly interconnected world, the company combines products and border control systems that ensure a smooth and secure flow of passengers at consulting services to create resilient digital infrastructures and provide the airports and other border control points."
Secunet,operational_context,automated,"ESG risk management software supports the automated review of direct suppliers for compliance with human rights and environmental If a complaint is received via the whistleblower system, we have been sending the standards."
Secunet,operational_context,automated,"The portfolio also includes a wide range of Cost of sales -312,109 -40,439 -352,548 products and services related to IT security for public sector clients, from IT Selling expenses -24,812 -5,826 -30,638 security consultancy and training to products for electronic passports, Research and development costs -8,875 -2,559 -11,434 automated (biometric) border control systems, the ELSTER electronic tax return Administrative costs -11,333 -1,236 -12,569 system, and the equipping of large infrastructures with high-security technology Segment result (EBIT) 55,087 -3,441 51,646 and public key infrastructures."
TRUMPF,strategic,digital transformation,"It represents a clear promise: nologies, and supports them as a customer, including technological excellence, long-term partnership, out- in future-oriented areas such as digital transformation standing service, and much more."
TRUMPF,strategic,digital transformation,"Board dealt with the strategic realignment of business divisions, digital transformation, competition from The Supervisory Board wishes to thank the Managing Chinese suppliers, the completion of the SE name change Board members and all employees worldwide for their for the subsidiaries, sustainability and the circular outstanding commitment and constructive personal coneconomy, employee satisfaction, cybersecurity, and tributions to the company’s success."
TRUMPF,strategic,artificial intelligence,"As a next political tensions pose risks for TRUMPF, which has cus- The artificial intelligence (AI) megatrend is significantly of the materials used."
TRUMPF,strategic,artificial intelligence,"These measures are based, among other EU Artificial Intelligence Act."
TRUMPF,strategic,artificial intelligence,"These mea- logical developments such as artificial intelligence and sales revenues, albeit only a moderate one."
TRUMPF,strategic,artificial intelligence,"KG Concept and design: Strichpunkt GmbH, Stuttgart/Berlin FOR HIGHLY PRODUCTIVE LASER CUTTING THANKS TO Corporate Communications, www.strichpunkt-design.de INDUSTRIAL USE ARTIFICIAL INTELLIGENCE Public Policy and Brand Photographs: Charles Camarda, Camarda Visual Studio, LLC TRUMPF has developed new, highly productive fi ber lasers that are At its INTECH in-house exhibition, TRUMPF is showcasing its “Cutting Idea and editorial work David Franck suitable for a wide range of welding applications in all industries, such Assistant,” a solution that uses artifi cial intelligence (AI) to improve the Laurian Ghinițoiu as high-precision battery welding for electric cars."
TRUMPF,strategic,artificial intelligence,MARCH 2025 SEPTEMBER 2024 ARTIFICIAL INTELLIGENCE NEW LASER CUTTING IMPROVES MACHINE FOR CHAMFERING LASER WELDING DURING CUTTING TRUMPF is using artifi cial intelligence (AI) to increase productivity in TRUMPF is bringing a new machine to market that automatically prepares automotive manufacturing.
TRUMPF,strategic,artificial intelligence,MARCH 2025 ARTIFICIAL INTELLIGENCE IMPROVES LASER WELDING TRUMPF is using artifi cial intelligence (AI) to increase productivity in automotive manufacturing.
TRUMPF,operational,ai solution,The company has developed an AI solution components for welding.
TRUMPF,operational,ai solution,"reduces manufacturing costs for users, as the AI solution can replace The new TruLaser Series 3000 Bevel Cut Edition can chamfer sheets up other time-consuming quality checks."
TRUMPF,operational,ai solution,The AI solution is suitable for many to 25 millimeters thick.
TRUMPF,operational,ai solution,"The company has developed an AI solution that checks the quality of components, such as batteries for electric cars, immediately after laser welding, identifi es possible defects, and enables repairs to be carried out in the laser welding station as a result."
TRUMPF,operational,ai solution,"This reduces manufacturing costs for users, as the AI solution can replace other time-consuming quality checks."
TRUMPF,operational,ai solution,"The AI solution is suitable for many Note P C r O in ₂ t e c d o m pr p o e d n u s c a t t ed other applications, such as the welding of car body parts, hairpins for Any reference to the masculine form is More information here: electric motors, and contacts for electronic components."
TRUMPF,operational_context,automated,"Auditor’s fee of the exemption under Article 264 (3) HGB: Amphos in the value of underlying and hedging transactions are The total fee charged by the Group’s auditor Pricewa- GmbH, Berthold Leibinger Immobilien GmbH, Celtia TRUMPF will increase its stake in STOPA Anlagenbau recorded in the profit and loss statement on a gross terhouseCoopers GmbH for the fiscal year can be bro- Verwaltungs-GmbH, INGENERIC GmbH, TMT SE, JFY GmbH, a leading manufacturer of automated storage basis."
TRUMPF,operational_context,automated,"Manuel Thomä FACILITATE AUTOMATED SORTING Printing: Offi zin Scheufele COST-EFFECTIVE HIGHContact www.scheufele.de At EuroBLECH 2024, TRUMPF presented a completely new solution for SPEED CHIPS the automated sorting of 2D laser-cut parts."
